"","trialID","subjectID","angle","side","velx0_99","vely0_99","velx100_199","vely100_199","velx200_299","vely200_299","velx300_399","vely300_399","velx400_499","vely400_499"
"1",41,"AA",45,"r",10.6326422115896,-0.797448165869218,9.03774587985114,0,7.97448165869219,1.59489633173844,11.4300903774588,1.59489633173844,12.4933545986178,-1.06326422115896
"3",61,"AA",225,"r",18.341307814992,-0.531632110579479,11.1642743221691,-0.531632110579479,4.25305688463583,0,4.25305688463583,0.26581605528974,8.24029771398192,-0.26581605528974
"5",11,"AA",135,"r",18.341307814992,-1.3290802764487,7.97448165869218,0.26581605528974,14.8856990962254,0.26581605528974,9.56937799043062,0.797448165869218,9.30356193514088,0
"7",17,"AA",45,"l",14.0882509303562,0,14.8856990962254,-0.797448165869218,7.17703349282297,0,9.83519404572036,0,12.4933545986178,0
"9",78,"AA",270,"r",14.0882509303562,-0.531632110579479,10.6326422115896,-0.26581605528974,6.11376927166401,-0.531632110579479,8.50611376927166,-0.797448165869218,10.1010101010101,0
"11",70,"AA",270,"l",13.0249867091972,1.3290802764487,8.50611376927166,0.797448165869218,6.91121743753323,0,9.30356193514088,0,15.6831472620946,0
"13",35,"AA",135,"l",14.0882509303562,0,13.290802764487,0.26581605528974,7.70866560340245,0.797448165869218,9.83519404572036,1.06326422115896,14.8856990962254,0
"15",63,"AA",315,"r",9.03774587985114,-0.531632110579479,9.30356193514088,-0.797448165869218,10.6326422115896,-1.06326422115896,11.9617224880383,-0.531632110579479,12.227538543328,-0.797448165869218
"17",65,"AA",45,"l",11.4300903774588,0.26581605528974,8.7719298245614,0,5.58213716108453,0,12.227538543328,-0.531632110579479,10.6326422115896,0
"19",10,"AA",90,"r",11.6959064327485,0.26581605528974,9.56937799043062,0,6.64540138224349,0.531632110579479,7.70866560340245,1.06326422115896,10.1010101010101,0
"21",22,"AA",270,"l",14.0882509303562,0.531632110579479,14.8856990962254,-0.26581605528974,11.9617224880383,-1.3290802764487,7.97448165869218,-0.26581605528974,5.58213716108453,0
"23",44,"AA",180,"r",8.24029771398192,-0.797448165869218,7.17703349282297,0,5.84795321637427,0.531632110579479,9.56937799043062,0.26581605528974,11.9617224880383,0
"25",8,"AA",0,"r",14.3540669856459,-1.06326422115896,13.0249867091972,-1.06326422115896,9.83519404572036,-0.26581605528974,11.4300903774588,-0.797448165869218,11.1642743221691,-1.59489633173844
"27",59,"AA",135,"r",9.56937799043062,0,7.70866560340245,0.797448165869218,7.4428495481127,0.797448165869218,10.3668261562998,2.65816055289739,11.1642743221691,0.797448165869218
"29",4,"AA",180,"l",7.70866560340245,0,11.4300903774588,0.26581605528974,8.50611376927166,0.797448165869218,10.3668261562998,0,13.5566188197767,0.531632110579479
"31",15,"AA",315,"r",12.7591706539075,-1.06326422115896,10.3668261562998,-0.531632110579479,9.56937799043062,-0.797448165869218,8.50611376927166,-0.531632110579479,7.4428495481127,-0.26581605528974
"33",42,"AA",90,"r",9.03774587985114,1.59489633173844,18.8729399255715,1.3290802764487,7.70866560340245,-0.26581605528974,5.31632110579479,0.26581605528974,8.50611376927166,0
"35",69,"AA",225,"l",8.7719298245614,0.26581605528974,9.83519404572036,1.06326422115896,13.5566188197767,2.12652844231792,14.6198830409357,1.86071238702818,8.7719298245614,0.531632110579479
"37",1,"AA",45,"l",10.8984582668793,0,5.31632110579479,0,7.70866560340245,-0.26581605528974,11.9617224880383,0,17.0122275385433,-1.59489633173844
"39",14,"AA",270,"r",12.227538543328,0,8.50611376927166,0,7.17703349282297,0.26581605528974,10.1010101010101,0,11.1642743221691,-0.26581605528974
"41",16,"AA",0,"l",6.64540138224349,-0.531632110579479,9.03774587985114,-1.06326422115896,15.4173312068049,-1.06326422115896,18.6071238702818,-1.3290802764487,0.531632110579479,-0.531632110579479
"43",27,"AA",135,"r",10.1010101010101,0.531632110579479,9.03774587985114,0,9.83519404572036,0,14.6198830409357,-0.797448165869218,14.8856990962254,-1.86071238702818
"45",0,"AA",0,"l",10.8984582668793,0.797448165869218,5.31632110579479,0.531632110579479,5.31632110579479,0,8.24029771398192,-1.06326422115896,9.83519404572036,-2.12652844231792
"47",7,"AA",315,"l",10.1010101010101,0.797448165869218,12.227538543328,1.3290802764487,12.227538543328,2.65816055289739,9.03774587985114,-0.797448165869218,13.5566188197767,-2.65816055289739
"49",13,"AA",225,"r",9.03774587985114,0.26581605528974,9.56937799043062,-0.797448165869218,10.6326422115896,-1.59489633173844,6.64540138224349,-0.797448165869218,5.05050505050505,-0.531632110579479
"51",24,"AA",0,"r",12.227538543328,0,11.6959064327485,-0.26581605528974,14.0882509303562,0.531632110579479,15.6831472620946,-0.797448165869218,20.7336523125997,-3.98724082934609
"53",33,"AA",45,"l",12.4933545986178,-0.26581605528974,20.4678362573099,-0.797448165869218,14.3540669856459,-0.26581605528974,11.9617224880383,1.06326422115896,15.6831472620946,-0.797448165869218
"55",29,"AA",225,"r",14.0882509303562,-0.531632110579479,17.0122275385433,-2.39234449760766,19.9362041467305,-8.50611376927166,2.92397660818713,-1.3290802764487,0,0
"57",39,"AA",315,"l",10.8984582668793,-0.26581605528974,13.5566188197767,0,9.03774587985114,0,7.17703349282297,0.531632110579479,9.83519404572036,0
"59",25,"AA",45,"r",9.30356193514088,0.26581605528974,9.30356193514088,0,11.6959064327485,0,10.6326422115896,0.531632110579479,11.6959064327485,0
"61",60,"AA",180,"r",14.8856990962254,0.531632110579479,11.9617224880383,0,9.83519404572036,-0.531632110579479,11.1642743221691,-1.3290802764487,10.1010101010101,-0.531632110579479
"63",75,"AA",135,"r",10.3668261562998,2.39234449760766,8.24029771398192,0.531632110579479,11.9617224880383,-0.531632110579479,14.6198830409357,-1.59489633173844,3.72142477405635,-1.59489633173844
"65",77,"AA",225,"r",10.8984582668793,-1.06326422115896,9.56937799043062,-0.531632110579479,9.83519404572036,-1.06326422115896,8.24029771398192,-0.531632110579479,7.17703349282297,-0.531632110579479
"67",49,"AA",45,"l",15.4173312068049,1.06326422115896,16.2147793726741,0.797448165869218,17.0122275385433,-0.26581605528974,17.5438596491228,-0.797448165869218,8.50611376927166,-0.531632110579479
"69",48,"AA",0,"l",11.6959064327485,0.531632110579479,7.17703349282297,0,9.83519404572036,-0.797448165869218,14.6198830409357,-1.59489633173844,11.4300903774588,-0.26581605528974
"71",73,"AA",45,"r",10.8984582668793,-0.797448165869218,12.227538543328,-0.797448165869218,9.56937799043062,-0.797448165869218,10.1010101010101,-0.26581605528974,12.227538543328,-0.531632110579479
"73",45,"AA",225,"r",6.91121743753323,0,12.4933545986178,0,19.404572036151,0,11.1642743221691,0,8.24029771398192,0.531632110579479
"75",40,"AA",0,"r",14.8856990962254,1.3290802764487,11.6959064327485,2.12652844231792,7.97448165869219,0.531632110579479,9.30356193514088,-0.26581605528974,14.0882509303562,-1.3290802764487
"77",62,"AA",270,"r",13.290802764487,0,12.4933545986178,-0.797448165869218,9.30356193514088,-1.3290802764487,13.5566188197767,-1.3290802764487,11.9617224880383,-0.531632110579479
"79",34,"AA",90,"l",20.9994683678894,-0.26581605528974,15.9489633173844,-0.797448165869218,0,0,0,0,0,0
"81",2,"AA",90,"l",11.9617224880383,2.12652844231792,13.5566188197767,2.12652844231792,12.227538543328,0.797448165869218,10.6326422115896,-0.26581605528974,6.91121743753323,-0.531632110579479
"83",66,"AA",90,"l",11.9617224880383,0.26581605528974,16.4805954279638,-0.26581605528974,12.4933545986178,-0.531632110579479,10.3668261562998,-0.531632110579479,8.7719298245614,0
"85",74,"AA",90,"r",7.70866560340244,-0.26581605528974,5.84795321637427,0,7.70866560340244,0.797448165869218,12.7591706539075,0,9.83519404572036,-1.06326422115896
"87",53,"AA",225,"l",13.8224348750665,0.797448165869218,10.8984582668793,1.3290802764487,11.4300903774588,2.12652844231792,10.3668261562998,0.531632110579479,11.1642743221691,0.531632110579479
"89",71,"AA",315,"l",13.290802764487,-0.26581605528974,13.290802764487,-1.06326422115896,9.56937799043062,-1.06326422115896,10.8984582668793,-0.531632110579479,19.1387559808612,-0.531632110579479
"91",46,"AA",270,"r",10.6326422115896,-0.797448165869218,12.4933545986178,-1.3290802764487,11.4300903774588,-0.531632110579479,11.9617224880383,-1.06326422115896,13.290802764487,-0.531632110579479
"93",6,"AA",270,"l",14.6198830409357,0,13.8224348750665,0.26581605528974,9.30356193514088,0,11.9617224880383,-0.26581605528974,11.1642743221691,0
"95",37,"AA",225,"l",13.0249867091972,-0.26581605528974,11.6959064327485,0,13.0249867091972,0.531632110579479,10.6326422115896,0.531632110579479,12.7591706539075,0.26581605528974
"97",21,"AA",225,"l",8.24029771398192,1.06326422115896,16.2147793726741,1.59489633173844,18.0754917597023,0.26581605528974,15.4173312068049,0.26581605528974,14.0882509303562,-1.3290802764487
"99",26,"AA",90,"r",11.9617224880383,-0.797448165869218,9.83519404572036,-0.531632110579479,8.50611376927166,0.531632110579479,14.0882509303562,1.3290802764487,14.6198830409357,0.26581605528974
"101",58,"AA",90,"r",13.5566188197767,-0.797448165869218,18.6071238702818,-1.06326422115896,13.290802764487,-0.531632110579479,9.03774587985114,0.26581605528974,10.3668261562998,0.26581605528974
"103",19,"AA",135,"l",10.6326422115896,0.797448165869218,16.7464114832536,0.26581605528974,15.1515151515152,0,9.03774587985114,0.26581605528974,3.98724082934609,0.531632110579479
"105",9,"AA",45,"r",11.4300903774588,-0.531632110579479,12.4933545986178,-2.39234449760766,13.8224348750665,-1.59489633173844,13.0249867091972,0.531632110579479,13.0249867091972,1.06326422115896
"107",5,"AA",225,"l",10.1010101010101,0.531632110579479,10.6326422115896,0.26581605528974,11.4300903774588,0,8.50611376927166,-0.26581605528974,7.4428495481127,-0.26581605528974
"109",30,"AA",270,"r",13.8224348750665,0,9.83519404572036,1.06326422115896,10.1010101010101,-1.59489633173844,9.30356193514088,-1.86071238702818,11.6959064327485,0
"111",31,"AA",315,"r",3.72142477405635,0.531632110579479,8.24029771398192,0.26581605528974,15.6831472620946,-1.59489633173844,11.4300903774588,-1.59489633173844,9.56937799043062,-1.86071238702818
"113",51,"AA",135,"l",11.1642743221691,0.531632110579479,13.5566188197767,1.06326422115896,9.83519404572036,1.3290802764487,3.98724082934609,1.06326422115896,9.03774587985114,0
"115",18,"AA",90,"l",12.4933545986178,0.531632110579479,13.5566188197767,0,8.7719298245614,-0.26581605528974,13.5566188197767,0,12.4933545986178,0.797448165869218
"117",67,"AA",135,"l",5.05050505050505,-1.06326422115896,7.17703349282297,-1.3290802764487,9.56937799043062,-1.59489633173844,11.9617224880383,-0.531632110579479,19.6703880914407,0
"119",12,"AA",180,"r",12.4933545986178,0.26581605528974,17.2780435938331,-1.06326422115896,15.9489633173844,-1.59489633173844,10.6326422115896,-1.06326422115896,7.97448165869219,0
"121",68,"AA",180,"l",4.25305688463583,-0.531632110579479,7.17703349282297,-1.3290802764487,9.30356193514088,-2.12652844231792,11.9617224880383,-1.06326422115896,14.6198830409357,0
"123",3,"AA",135,"l",10.1010101010101,0,9.03774587985114,0.26581605528974,8.7719298245614,1.06326422115896,10.8984582668793,0.797448165869218,11.9617224880383,0.531632110579479
"125",54,"AA",270,"l",15.1515151515152,0.531632110579479,10.8984582668793,1.06326422115896,11.1642743221691,0.26581605528974,11.4300903774588,0.26581605528974,15.1515151515152,0.797448165869218
"127",36,"AA",180,"l",9.30356193514088,-0.531632110579479,13.5566188197767,0,6.37958532695375,1.3290802764487,7.70866560340245,1.59489633173844,3.72142477405635,0.26581605528974
"129",64,"AA",0,"l",8.7719298245614,2.39234449760766,12.7591706539075,1.59489633173844,14.6198830409357,0,13.5566188197767,-0.531632110579479,13.0249867091972,0
"131",76,"AA",180,"r",10.1010101010101,-0.797448165869218,11.1642743221691,-0.531632110579479,13.0249867091972,0,17.0122275385433,-0.26581605528974,14.8856990962254,-1.3290802764487
"133",43,"AA",135,"r",17.8096757044125,0.26581605528974,12.4933545986178,0.531632110579479,7.97448165869219,0.797448165869218,9.03774587985114,0,10.1010101010101,-0.531632110579479
"135",20,"AA",180,"l",21.2652844231792,0,15.6831472620946,1.59489633173844,7.97448165869218,0,8.50611376927166,0,12.227538543328,-0.26581605528974
"137",72,"AA",0,"r",8.7719298245614,-1.06326422115896,10.8984582668793,-1.3290802764487,13.0249867091972,-0.26581605528974,12.227538543328,0.797448165869218,23.9234449760766,0
"139",32,"AA",0,"l",22.5943646996279,1.06326422115896,19.404572036151,1.86071238702818,7.70866560340245,0.531632110579479,3.98724082934609,0,8.24029771398192,-0.26581605528974
"141",50,"AA",90,"l",5.58213716108453,0,9.83519404572036,0,10.6326422115896,0.26581605528974,16.2147793726741,-0.797448165869218,13.8224348750665,-1.3290802764487
"143",52,"AA",180,"l",6.64540138224349,1.59489633173844,9.83519404572036,0.797448165869218,7.4428495481127,0.26581605528974,9.03774587985114,0,11.4300903774588,-0.531632110579479
"145",79,"AA",315,"r",17.8096757044125,-1.86071238702818,16.2147793726741,-1.06326422115896,11.4300903774588,-2.65816055289739,13.290802764487,-1.59489633173844,10.1010101010101,0
"147",47,"AA",315,"r",11.9617224880383,0.531632110579479,11.9617224880383,-1.3290802764487,10.3668261562998,-3.18979266347687,10.6326422115896,-3.18979266347687,10.8984582668793,0
"149",38,"AA",270,"l",10.6326422115896,-0.531632110579479,13.290802764487,0,13.290802764487,0,11.4300903774588,0.26581605528974,14.8856990962254,0
"151",28,"AA",180,"r",9.83519404572036,-1.3290802764487,9.83519404572036,-0.797448165869218,9.03774587985114,0,7.97448165869218,0,9.83519404572036,0
"153",23,"AA",315,"l",10.3668261562998,0.531632110579479,8.24029771398192,0.26581605528974,14.6198830409357,0.26581605528974,13.8224348750665,0,15.6831472620946,0.531632110579479
"155",57,"AA",45,"r",7.70866560340245,-0.531632110579479,6.37958532695375,-1.3290802764487,8.24029771398192,-1.59489633173844,8.7719298245614,-1.06326422115896,7.17703349282297,-1.3290802764487
"157",55,"AA",315,"l",9.03774587985114,0,7.97448165869218,0,11.1642743221691,-1.86071238702818,14.6198830409357,-0.531632110579479,21.5311004784689,0.531632110579479
"159",56,"AA",0,"r",12.7591706539075,-0.797448165869218,10.1010101010101,-1.59489633173844,7.17703349282297,-0.531632110579479,8.50611376927166,-1.06326422115896,12.227538543328,-0.797448165869218
"161",7,"AB",315,"l",7.4428495481127,0,9.03774587985114,0,13.8224348750665,-0.531632110579479,12.4933545986178,-0.797448165869218,10.3668261562998,0.26581605528974
"163",26,"AB",90,"r",17.5438596491228,1.3290802764487,13.0249867091972,0.26581605528974,13.8224348750665,0,10.6326422115896,-0.26581605528974,10.8984582668793,-0.797448165869218
"165",19,"AB",135,"l",9.03774587985114,0,13.0249867091972,0.26581605528974,11.6959064327485,0.531632110579479,9.56937799043062,0,16.7464114832536,-0.531632110579479
"167",40,"AB",0,"r",15.1515151515152,-1.06326422115896,12.227538543328,0,10.3668261562998,0.797448165869218,10.1010101010101,1.3290802764487,11.9617224880383,0.531632110579479
"169",61,"AB",225,"r",12.4933545986178,0,11.1642743221691,0.531632110579479,13.290802764487,0,11.4300903774588,2.12652844231792,13.290802764487,1.06326422115896
"171",31,"AB",315,"r",12.227538543328,0,10.6326422115896,1.06326422115896,7.70866560340245,0.797448165869218,6.91121743753323,0,0.797448165869218,0
"173",52,"AB",180,"l",13.8224348750665,-1.06326422115896,20.4678362573099,-2.65816055289739,12.7591706539075,-1.3290802764487,13.0249867091972,-0.797448165869218,7.70866560340245,0.26581605528974
"175",67,"AB",135,"l",11.1642743221691,0.26581605528974,19.404572036151,0,14.0882509303562,-0.26581605528974,15.6831472620946,0,14.8856990962254,2.65816055289739
"177",72,"AB",0,"r",11.4300903774588,0.26581605528974,8.7719298245614,0.531632110579479,10.1010101010101,1.3290802764487,13.290802764487,1.06326422115896,8.7719298245614,0
"179",33,"AB",45,"l",9.83519404572036,-1.3290802764487,14.0882509303562,-1.59489633173844,12.7591706539075,-1.59489633173844,13.290802764487,-2.65816055289739,21.5311004784689,-2.39234449760766
"181",48,"AB",0,"l",11.1642743221691,0.531632110579479,15.9489633173844,0.797448165869218,17.0122275385433,0,8.24029771398192,-0.26581605528974,8.7719298245614,-0.797448165869218
"183",34,"AB",90,"l",11.1642743221691,-0.531632110579479,9.30356193514088,-0.26581605528974,5.58213716108453,0.531632110579479,6.37958532695375,0.531632110579479,11.6959064327485,0
"185",9,"AB",45,"r",10.8984582668793,0,6.11376927166401,0,7.17703349282297,-0.26581605528974,13.290802764487,-0.797448165869218,16.4805954279638,-1.86071238702818
"187",39,"AB",315,"l",18.341307814992,-1.06326422115896,11.4300903774588,-0.26581605528974,7.17703349282297,1.06326422115896,10.1010101010101,1.06326422115896,10.1010101010101,0.26581605528974
"189",78,"AB",270,"r",9.03774587985114,-0.26581605528974,9.30356193514088,0,9.03774587985114,1.06326422115896,15.9489633173844,0,9.56937799043062,1.86071238702818
"191",21,"AB",225,"l",10.6326422115896,-0.26581605528974,14.8856990962254,-0.26581605528974,13.8224348750665,0,10.8984582668793,1.59489633173844,6.64540138224349,0.797448165869218
"193",64,"AB",0,"l",13.5566188197767,0,8.50611376927166,0,12.7591706539075,-1.59489633173844,16.7464114832536,-0.26581605528974,13.8224348750665,1.06326422115896
"195",18,"AB",90,"l",10.3668261562998,-2.92397660818713,15.4173312068049,-3.45560871876661,15.4173312068049,-2.12652844231792,11.4300903774588,-0.26581605528974,16.2147793726741,3.72142477405635
"197",71,"AB",315,"l",4.25305688463583,0,13.0249867091972,0,13.8224348750665,-0.531632110579479,27.6448697501329,0,4.78468899521531,0.26581605528974
"199",57,"AB",45,"r",11.1642743221691,0.26581605528974,12.227538543328,0.26581605528974,13.5566188197767,0,10.3668261562998,0.797448165869218,8.24029771398192,0.531632110579479
"201",69,"AB",225,"l",14.6198830409357,0.26581605528974,13.290802764487,-0.26581605528974,12.227538543328,-0.531632110579479,10.8984582668793,0,8.7719298245614,-0.26581605528974
"203",56,"AB",0,"r",14.6198830409357,-1.06326422115896,16.7464114832536,0.26581605528974,14.3540669856459,1.3290802764487,13.0249867091972,0,10.1010101010101,0
"205",23,"AB",315,"l",14.3540669856459,0.797448165869218,14.0882509303562,0,10.8984582668793,0,4.25305688463583,0,0,0
"207",38,"AB",270,"l",7.70866560340244,-0.531632110579479,10.8984582668793,-0.26581605528974,12.4933545986178,0,11.4300903774588,1.06326422115896,1.86071238702818,1.3290802764487
"209",79,"AB",315,"r",12.7591706539075,0,13.5566188197767,0,15.1515151515152,-1.59489633173844,1.59489633173844,-1.3290802764487,0,0
"211",59,"AB",135,"r",15.4173312068049,-1.86071238702818,8.50611376927166,-1.06326422115896,6.11376927166401,0,10.1010101010101,-0.531632110579479,13.8224348750665,-0.26581605528974
"213",65,"AB",45,"l",14.3540669856459,0.26581605528974,7.17703349282297,1.06326422115896,9.83519404572036,0.265816055289739,20.2020202020202,-4.51887293992557,16.7464114832536,-0.531632110579479
"215",41,"AB",45,"r",10.1010101010101,0.797448165869218,9.56937799043062,0.531632110579479,10.8984582668793,0.797448165869218,13.5566188197767,0,16.7464114832536,-1.59489633173844
"217",10,"AB",90,"r",11.4300903774588,0,12.7591706539075,-0.797448165869218,11.1642743221691,-0.531632110579479,13.0249867091972,-0.26581605528974,11.1642743221691,-0.531632110579479
"219",4,"AB",180,"l",8.7719298245614,0,12.227538543328,0.797448165869218,12.7591706539075,1.59489633173844,12.7591706539075,0.797448165869218,18.0754917597023,-0.531632110579479
"221",3,"AB",135,"l",10.1010101010101,0.26581605528974,12.4933545986178,-0.797448165869218,15.1515151515152,-0.531632110579479,25.518341307815,-0.531632110579479,11.6959064327485,-1.06326422115896
"223",49,"AB",45,"l",9.30356193514088,0.531632110579479,13.8224348750665,2.65816055289739,20.9994683678894,-0.531632110579479,16.2147793726741,1.59489633173844,3.72142477405635,-0.797448165869218
"225",62,"AB",270,"r",9.03774587985114,0.26581605528974,26.0499734183945,-1.3290802764487,23.9234449760766,-1.59489633173844,18.8729399255715,-0.26581605528974,13.8224348750665,-2.12652844231792
"227",73,"AB",45,"r",7.70866560340245,0,12.227538543328,1.86071238702818,13.5566188197767,2.39234449760766,24.1892610313663,4.25305688463583,38.809144072302,-2.39234449760766
"229",14,"AB",270,"r",10.1010101010101,1.06326422115896,7.4428495481127,1.59489633173844,10.1010101010101,0.26581605528974,7.4428495481127,-1.06326422115896,7.97448165869219,-0.531632110579479
"231",28,"AB",180,"r",9.83519404572036,0,9.83519404572036,-2.12652844231792,9.83519404572036,-2.12652844231792,8.7719298245614,-0.26581605528974,7.70866560340244,1.86071238702818
"233",2,"AB",90,"l",13.5566188197767,-0.26581605528974,8.24029771398192,0,6.91121743753323,0,10.3668261562998,0.26581605528974,14.0882509303562,0.531632110579479
"235",77,"AB",225,"r",15.4173312068049,-1.3290802764487,13.5566188197767,-0.531632110579479,7.44284954811271,-0.531632110579479,6.91121743753323,-0.531632110579479,12.227538543328,-0.531632110579479
"237",43,"AB",135,"r",16.7464114832536,-1.59489633173844,11.4300903774588,-0.797448165869218,5.31632110579479,0.26581605528974,9.56937799043062,1.59489633173844,11.4300903774588,1.06326422115896
"239",30,"AB",270,"r",9.56937799043062,-1.06326422115896,9.56937799043062,0,8.7719298245614,0,9.56937799043062,0,12.4933545986178,-0.531632110579479
"241",74,"AB",90,"r",6.37958532695375,0.531632110579479,10.6326422115896,0.797448165869218,9.83519404572036,1.3290802764487,8.7719298245614,0.531632110579479,9.56937799043062,-0.797448165869218
"245",37,"AB",225,"l",10.6326422115896,0.26581605528974,14.8856990962254,0.26581605528974,18.341307814992,1.59489633173844,7.44284954811271,1.59489633173844,11.9617224880383,0
"247",55,"AB",315,"l",10.6326422115896,-0.26581605528974,13.5566188197767,0,14.6198830409357,0,12.227538543328,0.26581605528974,18.8729399255715,1.86071238702818
"251",11,"AB",135,"r",7.70866560340245,0,5.05050505050505,0,4.25305688463583,0.26581605528974,8.50611376927166,0,13.0249867091972,0
"253",60,"AB",180,"r",12.227538543328,-0.797448165869218,11.9617224880383,-1.86071238702818,9.56937799043062,-0.26581605528974,12.7591706539075,-0.797448165869218,12.7591706539075,-1.3290802764487
"255",44,"AB",180,"r",11.6959064327485,0.26581605528974,9.83519404572036,0,8.24029771398192,0,10.8984582668793,-0.797448165869218,13.5566188197767,-1.59489633173844
"257",0,"AB",0,"l",11.6959064327485,0.26581605528974,13.290802764487,0,11.1642743221691,-0.531632110579479,10.3668261562998,-0.531632110579479,6.11376927166401,0
"259",36,"AB",180,"l",15.4173312068049,2.12652844231792,18.0754917597023,3.18979266347687,13.0249867091972,0.26581605528974,10.6326422115896,-0.797448165869218,9.83519404572036,0.26581605528974
"261",29,"AB",225,"r",13.5566188197767,-0.531632110579479,17.5438596491228,-0.531632110579479,9.56937799043062,0.531632110579479,10.1010101010101,0.531632110579479,5.31632110579479,1.3290802764487
"263",47,"AB",315,"r",17.2780435938331,0,11.9617224880383,-0.797448165869218,7.70866560340245,-1.59489633173844,9.30356193514088,-1.3290802764487,11.9617224880383,0
"265",8,"AB",0,"r",8.50611376927166,0,15.6831472620946,0.26581605528974,16.4805954279638,0.531632110579479,15.1515151515152,0.26581605528974,13.290802764487,0.531632110579479
"267",45,"AB",225,"r",10.1010101010101,0,9.03774587985114,-0.26581605528974,14.0882509303562,-1.06326422115896,12.7591706539075,-1.3290802764487,10.6326422115896,-0.531632110579479
"269",25,"AB",45,"r",11.4300903774588,-0.531632110579479,12.227538543328,-0.531632110579479,14.0882509303562,0.26581605528974,17.0122275385433,2.92397660818713,16.7464114832536,1.59489633173844
"271",68,"AB",180,"l",10.3668261562998,1.3290802764487,17.0122275385433,0,11.6959064327485,0.531632110579479,7.4428495481127,0.797448165869218,13.5566188197767,-0.797448165869218
"273",58,"AB",90,"r",13.5566188197767,0,9.83519404572036,-0.531632110579479,7.97448165869218,-0.531632110579479,0,0,0,0
"275",32,"AB",0,"l",8.24029771398192,0.26581605528974,12.7591706539075,0.531632110579479,12.7591706539075,0.531632110579479,12.4933545986178,0.26581605528974,11.6959064327485,-1.06326422115896
"277",42,"AB",90,"r",10.3668261562998,-1.06326422115896,10.6326422115896,-0.531632110579479,10.1010101010101,-0.531632110579479,10.3668261562998,-0.26581605528974,13.8224348750665,-0.797448165869218
"279",50,"AB",90,"l",9.56937799043062,-0.26581605528974,11.6959064327485,0,9.56937799043062,0.797448165869218,12.7591706539075,1.86071238702818,13.5566188197767,0.531632110579479
"281",1,"AB",45,"l",11.4300903774588,-0.26581605528974,10.3668261562998,-1.06326422115896,9.56937799043062,0.26581605528974,13.8224348750665,1.59489633173844,12.4933545986178,0.531632110579479
"283",70,"AB",270,"l",14.3540669856459,-2.92397660818713,14.3540669856459,-0.797448165869218,10.1010101010101,0,15.9489633173844,2.12652844231792,8.7719298245614,2.65816055289739
"285",46,"AB",270,"r",20.7336523125997,-0.531632110579479,14.8856990962254,-0.531632110579479,9.83519404572036,-0.531632110579479,10.3668261562998,-1.3290802764487,9.56937799043062,-0.26581605528974
"287",66,"AB",90,"l",15.1515151515152,0,12.227538543328,0.26581605528974,9.83519404572036,0.26581605528974,11.9617224880383,0.26581605528974,11.6959064327485,1.86071238702818
"289",6,"AB",270,"l",9.56937799043062,0.531632110579479,9.30356193514088,0.531632110579479,14.6198830409357,-1.06326422115896,18.6071238702818,-0.531632110579479,13.0249867091972,0.26581605528974
"291",16,"AB",0,"l",8.7719298245614,-0.26581605528974,9.30356193514088,-0.531632110579479,16.7464114832536,0,14.8856990962254,1.3290802764487,15.6831472620946,-2.12652844231792
"293",53,"AB",225,"l",12.227538543328,0.531632110579479,10.1010101010101,0,6.91121743753323,0,11.9617224880383,-0.26581605528974,15.4173312068049,0
"295",24,"AB",0,"r",10.1010101010101,0.26581605528974,12.227538543328,1.59489633173844,12.4933545986178,1.86071238702818,8.7719298245614,0.797448165869218,11.6959064327485,0.797448165869218
"297",5,"AB",225,"l",15.4173312068049,0.531632110579479,13.5566188197767,0,12.7591706539075,-0.531632110579479,6.64540138224349,-0.797448165869218,15.9489633173844,-0.797448165869218
"299",13,"AB",225,"r",11.9617224880383,0,10.6326422115896,-0.26581605528974,11.1642743221691,-1.3290802764487,14.0882509303562,-1.3290802764487,14.6198830409357,-1.06326422115896
"301",76,"AB",180,"r",8.7719298245614,1.86071238702818,8.7719298245614,1.86071238702818,11.9617224880383,0.26581605528974,6.37958532695375,-0.797448165869218,9.83519404572036,-0.531632110579479
"303",22,"AB",270,"l",18.8729399255715,-0.26581605528974,20.9994683678894,-3.98724082934609,17.0122275385433,-0.797448165869218,9.56937799043062,0,8.7719298245614,0
"305",63,"AB",315,"r",12.4933545986178,-0.26581605528974,10.8984582668793,-0.531632110579479,11.9617224880383,-1.3290802764487,9.03774587985114,-1.06326422115896,4.78468899521531,0
"307",15,"AB",315,"r",11.9617224880383,-0.797448165869218,17.2780435938331,-1.59489633173844,18.6071238702818,-1.3290802764487,10.3668261562998,-1.06326422115896,9.03774587985114,0.26581605528974
"309",12,"AB",180,"r",12.4933545986178,-0.797448165869218,9.03774587985114,-1.86071238702818,10.3668261562998,-1.3290802764487,9.83519404572036,0,10.6326422115896,0
"311",54,"AB",270,"l",18.0754917597023,-1.3290802764487,13.5566188197767,-0.531632110579479,7.4428495481127,-0.26581605528974,9.03774587985114,1.59489633173844,13.8224348750665,-1.86071238702818
"313",20,"AB",180,"l",14.0882509303562,-0.797448165869218,13.290802764487,-0.797448165869218,11.6959064327485,-1.59489633173844,5.84795321637427,0,8.24029771398192,1.59489633173844
"315",35,"AB",135,"l",15.6831472620946,0.26581605528974,10.3668261562998,0.797448165869218,15.4173312068049,0.26581605528974,21.5311004784689,1.3290802764487,2.92397660818714,0
"317",17,"AB",45,"l",10.6326422115896,1.3290802764487,11.1642743221691,0,13.5566188197767,-1.59489633173844,11.6959064327485,-1.86071238702818,10.8984582668793,-1.86071238702818
"319",75,"AB",135,"r",11.6959064327485,-0.26581605528974,12.4933545986178,0,12.4933545986178,0.531632110579479,12.4933545986178,1.3290802764487,10.1010101010101,1.3290802764487
